product_id,product_code,category,unit_price,is_active
1,P0001,Elektronika,69824,True
2,P0002,Papír-írószer,1179,True
3,P0003,Élelmiszer,962,True
4,P0004,Ital,2782,True
5,P0005,Háztartás,12387,True
6,P0006,Elektronika,53732,True
7,P0007,Ruházat,41564,True
8,P0008,Élelmiszer,3733,True
9,P0009,Ital,2794,True
10,P0010,Háztartás,12088,True
11,P0011,Háztartás,3857,True
12,P0012,Elektronika,52290,True
13,P0013,Élelmiszer,1003,True
14,P0014,Ruházat,24614,True
15,P0015,Ruházat,46093,True
16,P0016,Ital,2764,True
17,P0017,Ital,771,True
18,P0018,Ruházat,37076,True
19,P0019,Élelmiszer,4006,True
20,P0020,Papír-írószer,1567,True
21,P0021,Ital,353,True
22,P0022,Papír-írószer,1265,True
23,P0023,Papír-írószer,950,True
24,P0024,Ital,191,True
25,P0025,Élelmiszer,2534,True
26,P0026,Háztartás,2351,True
27,P0027,Élelmiszer,115,True
28,P0028,Higiénia,5886,True
29,P0029,Ital,2530,True
30,P0030,Elektronika,30278,True
31,P0031,Élelmiszer,2547,True
32,P0032,Élelmiszer,2874,True
33,P0033,Papír-írószer,2041,True
34,P0034,Ital,1488,True
35,P0035,Ital,2847,True
36,P0036,Háztartás,7542,True
37,P0037,Ital,1314,True
38,P0038,Papír-írószer,444,True
39,P0039,Élelmiszer,3090,True
40,P0040,Elektronika,45834,True
41,P0041,Ital,166,True
42,P0042,Papír-írószer,480,True
43,P0043,Háztartás,4913,True
44,P0044,Elektronika,95296,True
45,P0045,Élelmiszer,4499,True
46,P0046,Élelmiszer,4080,True
47,P0047,Háztartás,10002,True
48,P0048,Ital,542,True
49,P0049,Élelmiszer,842,True
50,P0050,Ruházat,10598,True
51,P0051,Higiénia,5725,True
52,P0052,Elektronika,86567,True
53,P0053,Papír-írószer,1866,True
54,P0054,Ital,2804,True
55,P0055,Háztartás,10478,True
56,P0056,Háztartás,11232,True
57,P0057,Higiénia,2664,True
58,P0058,Higiénia,3895,True
59,P0059,Higiénia,6243,True
60,P0060,Ruházat,37983,True
61,P0061,Élelmiszer,4807,True
62,P0062,Ital,2087,True
63,P0063,Elektronika,19468,True
64,P0064,Elektronika,48894,True
65,P0065,Papír-írószer,1433,True
66,P0066,Ruházat,26188,True
67,P0067,Ruházat,12980,True
68,P0068,Ruházat,47836,True
69,P0069,Élelmiszer,268,False
70,P0070,Élelmiszer,141,True
71,P0071,Higiénia,9198,True
72,P0072,Elektronika,86198,True
73,P0073,Papír-írószer,978,True
74,P0074,Ruházat,44981,True
75,P0075,Ital,259,True
76,P0076,Ruházat,2734,True
77,P0077,Elektronika,67635,True
78,P0078,Ital,2008,False
79,P0079,Ital,1478,True
80,P0080,Ruházat,46291,False
81,P0081,Higiénia,1608,True
82,P0082,Elektronika,32754,True
83,P0083,Papír-írószer,678,True
84,P0084,Elektronika,13402,True
85,P0085,Papír-írószer,1274,True
86,P0086,Háztartás,2573,True
87,P0087,Élelmiszer,2343,True
88,P0088,Higiénia,8106,True
89,P0089,Háztartás,10528,True
90,P0090,Elektronika,63414,False
91,P0091,Háztartás,8488,True
92,P0092,Háztartás,8357,True
93,P0093,Háztartás,1708,True
94,P0094,Higiénia,2865,True
95,P0095,Háztartás,14831,True
96,P0096,Papír-írószer,2262,False
97,P0097,Élelmiszer,3972,True
98,P0098,Ruházat,24481,True
99,P0099,Ruházat,5150,True
100,P0100,Elektronika,18014,True
101,P0101,Ital,2366,True
102,P0102,Elektronika,45070,True
103,P0103,Ruházat,16865,True
104,P0104,Elektronika,30463,True
105,P0105,Háztartás,14915,True
106,P0106,Elektronika,48866,True
107,P0107,Higiénia,3845,True
108,P0108,Higiénia,7433,True
109,P0109,Ruházat,8961,True
110,P0110,Háztartás,6871,False
111,P0111,Háztartás,6435,True
112,P0112,Élelmiszer,3658,False
113,P0113,Ital,1479,False
114,P0114,Elektronika,20446,True
115,P0115,Higiénia,3613,True
116,P0116,Ruházat,45174,False
117,P0117,Elektronika,53470,True
118,P0118,Ruházat,32126,True
119,P0119,Elektronika,15239,True
120,P0120,Háztartás,12221,True
121,P0121,Élelmiszer,3861,False
122,P0122,Ital,230,True
123,P0123,Higiénia,1787,True
124,P0124,Higiénia,4479,True
125,P0125,Élelmiszer,1468,True
126,P0126,Ital,1592,True
127,P0127,Ital,1544,True
128,P0128,Higiénia,5543,True
129,P0129,Higiénia,8118,True
130,P0130,Ruházat,44686,True
131,P0131,Ruházat,47763,True
132,P0132,Ruházat,13172,True
133,P0133,Higiénia,1743,True
134,P0134,Ital,1153,True
135,P0135,Ruházat,44672,True
136,P0136,Ital,2842,True
137,P0137,Papír-írószer,483,True
138,P0138,Háztartás,1483,False
139,P0139,Élelmiszer,1443,True
140,P0140,Elektronika,78003,True
141,P0141,Ruházat,45204,True
142,P0142,Élelmiszer,139,True
143,P0143,Élelmiszer,587,True
144,P0144,Higiénia,2924,True
145,P0145,Ital,2655,True
146,P0146,Higiénia,4607,True
147,P0147,Ital,1893,True
148,P0148,Elektronika,72702,True
149,P0149,Ital,985,True
150,P0150,Ruházat,19716,True
151,P0151,Elektronika,31246,True
152,P0152,Háztartás,8303,True
153,P0153,Ital,1157,True
154,P0154,Ital,1239,True
155,P0155,Elektronika,19574,True
156,P0156,Ruházat,12016,False
157,P0157,Higiénia,4034,True
158,P0158,Elektronika,90593,True
159,P0159,Ital,2937,False
160,P0160,Háztartás,10137,True
161,P0161,Elektronika,54814,True
162,P0162,Háztartás,1816,True
163,P0163,Elektronika,96007,True
164,P0164,Papír-írószer,104,True
165,P0165,Élelmiszer,4170,True
166,P0166,Elektronika,69583,True
167,P0167,Ruházat,9835,True
168,P0168,Elektronika,53443,True
169,P0169,Papír-írószer,2666,False
170,P0170,Ruházat,39858,True
171,P0171,Ruházat,15997,False
172,P0172,Papír-írószer,4112,True
173,P0173,Higiénia,1145,True
174,P0174,Papír-írószer,1748,True
175,P0175,Háztartás,1251,True
176,P0176,Ital,898,True
177,P0177,Élelmiszer,3939,True
178,P0178,Élelmiszer,297,True
179,P0179,Ital,1547,True
180,P0180,Elektronika,93185,True
181,P0181,Elektronika,45062,True
182,P0182,Elektronika,11749,True
183,P0183,Papír-írószer,3608,True
184,P0184,Higiénia,3952,True
185,P0185,Élelmiszer,3726,True
186,P0186,Papír-írószer,1534,True
187,P0187,Ruházat,9552,True
188,P0188,Ital,906,True
189,P0189,Elektronika,90474,True
190,P0190,Ruházat,43122,True
191,P0191,Élelmiszer,3261,True
192,P0192,Ruházat,31953,False
193,P0193,Higiénia,1224,True
194,P0194,Ruházat,18344,True
195,P0195,Ital,2766,True
196,P0196,Élelmiszer,876,True
197,P0197,Elektronika,44462,False
198,P0198,Papír-írószer,1713,True
199,P0199,Papír-írószer,2692,True
200,P0200,Higiénia,8720,True
201,P0201,Élelmiszer,1880,True
202,P0202,Higiénia,4161,True
203,P0203,Élelmiszer,3858,False
204,P0204,Háztartás,13165,True
205,P0205,Papír-írószer,4514,True
206,P0206,Ital,2845,True
207,P0207,Higiénia,1183,True
208,P0208,Ital,2854,True
209,P0209,Ruházat,31861,True
210,P0210,Élelmiszer,2080,False
211,P0211,Ital,1103,True
212,P0212,Elektronika,45223,False
213,P0213,Ital,1201,True
214,P0214,Elektronika,44805,True
215,P0215,Elektronika,89111,True
216,P0216,Élelmiszer,1540,True
217,P0217,Ital,2120,True
218,P0218,Elektronika,54595,True
219,P0219,Higiénia,559,True
220,P0220,Háztartás,11014,False
221,P0221,Ital,2621,True
222,P0222,Higiénia,9824,True
223,P0223,Elektronika,70907,True
224,P0224,Háztartás,12871,True
225,P0225,Ital,931,True
226,P0226,Háztartás,9029,True
227,P0227,Élelmiszer,1065,True
228,P0228,Ruházat,18425,True
229,P0229,Elektronika,62254,False
230,P0230,Ital,2327,True
231,P0231,Háztartás,12648,True
232,P0232,Elektronika,25911,True
233,P0233,Elektronika,20233,True
234,P0234,Papír-írószer,3750,True
235,P0235,Elektronika,67839,True
236,P0236,Ruházat,35673,True
237,P0237,Ruházat,21799,True
238,P0238,Ital,1514,True
239,P0239,Élelmiszer,1780,True
240,P0240,Ruházat,24477,True
241,P0241,Ital,821,True
242,P0242,Ital,1951,True
243,P0243,Papír-írószer,2861,True
244,P0244,Papír-írószer,4939,True
245,P0245,Háztartás,9627,False
246,P0246,Ruházat,23152,False
247,P0247,Papír-írószer,541,False
248,P0248,Elektronika,73371,True
249,P0249,Papír-írószer,1847,True
250,P0250,Ruházat,49163,True
251,P0251,Ital,2659,True
252,P0252,Elektronika,81120,True
253,P0253,Ruházat,13756,False
254,P0254,Higiénia,3907,True
255,P0255,Higiénia,4369,False
256,P0256,Ital,473,True
257,P0257,Ruházat,8532,True
258,P0258,Élelmiszer,855,False
259,P0259,Élelmiszer,4578,False
260,P0260,Papír-írószer,4405,True
261,P0261,Háztartás,7254,True
262,P0262,Higiénia,5074,True
263,P0263,Ruházat,48083,True
264,P0264,Elektronika,36922,False
265,P0265,Elektronika,38015,True
266,P0266,Elektronika,64653,True
267,P0267,Elektronika,45438,True
268,P0268,Ruházat,31851,True
269,P0269,Élelmiszer,3133,True
270,P0270,Ital,1971,True
271,P0271,Ital,1279,True
272,P0272,Elektronika,79990,True
273,P0273,Ital,2121,False
274,P0274,Élelmiszer,4446,True
275,P0275,Papír-írószer,3814,True
276,P0276,Háztartás,8287,True
277,P0277,Higiénia,5088,True
278,P0278,Elektronika,81804,True
279,P0279,Élelmiszer,977,True
280,P0280,Háztartás,2074,True
281,P0281,Élelmiszer,4714,True
282,P0282,Papír-írószer,635,True
283,P0283,Élelmiszer,2661,True
284,P0284,Elektronika,52673,True
285,P0285,Elektronika,60565,True
286,P0286,Papír-írószer,3323,True
287,P0287,Ruházat,37356,True
288,P0288,Ital,1175,True
289,P0289,Higiénia,516,True
290,P0290,Ital,1475,True
291,P0291,Ital,2166,True
292,P0292,Higiénia,4951,True
293,P0293,Ruházat,39810,True
294,P0294,Ital,2570,False
295,P0295,Elektronika,64182,False
296,P0296,Háztartás,1631,True
297,P0297,Ruházat,6613,True
298,P0298,Elektronika,37221,True
299,P0299,Ital,2191,True
300,P0300,Papír-írószer,926,True
301,P0301,Ital,220,False
302,P0302,Ital,2861,True
303,P0303,Háztartás,10640,True
304,P0304,Elektronika,38209,True
305,P0305,Elektronika,26629,True
306,P0306,Elektronika,17458,True
307,P0307,Higiénia,360,True
308,P0308,Ital,1363,True
309,P0309,Papír-írószer,1496,True
310,P0310,Ital,222,True
311,P0311,Élelmiszer,3103,True
312,P0312,Elektronika,99310,True
313,P0313,Élelmiszer,4707,False
314,P0314,Háztartás,2518,True
315,P0315,Ital,789,True
316,P0316,Háztartás,11160,False
317,P0317,Ital,319,True
318,P0318,Ital,1189,True
319,P0319,Ruházat,27479,True
320,P0320,Ital,554,False
321,P0321,Háztartás,5212,True
322,P0322,Ruházat,12972,True
323,P0323,Ruházat,20180,True
324,P0324,Papír-írószer,2322,True
325,P0325,Ruházat,42496,True
326,P0326,Higiénia,5661,True
327,P0327,Élelmiszer,2571,True
328,P0328,Ital,440,True
329,P0329,Papír-írószer,461,True
330,P0330,Élelmiszer,3166,False
331,P0331,Papír-írószer,270,True
332,P0332,Papír-írószer,2317,True
333,P0333,Ruházat,39458,True
334,P0334,Elektronika,93763,True
335,P0335,Elektronika,72973,True
336,P0336,Háztartás,8897,True
337,P0337,Higiénia,1430,True
338,P0338,Ital,823,True
339,P0339,Ital,1697,True
340,P0340,Élelmiszer,3970,True
341,P0341,Papír-írószer,782,True
342,P0342,Élelmiszer,1617,True
343,P0343,Higiénia,2063,True
344,P0344,Elektronika,26813,True
345,P0345,Higiénia,6006,True
346,P0346,Ital,600,True
347,P0347,Elektronika,49847,True
348,P0348,Higiénia,7628,True
349,P0349,Elektronika,71051,True
350,P0350,Ruházat,8099,True
351,P0351,Elektronika,54956,True
352,P0352,Ruházat,23686,True
353,P0353,Elektronika,28459,True
354,P0354,Ruházat,49548,True
355,P0355,Ital,1102,True
356,P0356,Papír-írószer,4320,True
357,P0357,Papír-írószer,1186,True
358,P0358,Ital,2318,True
359,P0359,Ruházat,6525,True
360,P0360,Élelmiszer,4944,False
361,P0361,Ruházat,28994,True
362,P0362,Ital,1829,True
363,P0363,Higiénia,9709,True
364,P0364,Ruházat,16944,True
365,P0365,Higiénia,7384,True
366,P0366,Ital,2243,True
367,P0367,Háztartás,8499,True
368,P0368,Háztartás,13099,True
369,P0369,Higiénia,3768,True
370,P0370,Ruházat,36788,True
371,P0371,Elektronika,7250,True
372,P0372,Ital,2575,True
373,P0373,Papír-írószer,3052,True
374,P0374,Papír-írószer,1204,True
375,P0375,Elektronika,44807,True
376,P0376,Ruházat,43137,False
377,P0377,Papír-írószer,524,True
378,P0378,Ital,989,True
379,P0379,Higiénia,3655,True
380,P0380,Háztartás,10746,True
381,P0381,Háztartás,11280,True
382,P0382,Ruházat,27984,True
383,P0383,Ruházat,39301,True
384,P0384,Ital,1011,True
385,P0385,Elektronika,14937,True
386,P0386,Háztartás,2597,True
387,P0387,Elektronika,79695,True
388,P0388,Elektronika,99757,True
389,P0389,Ruházat,44881,False
390,P0390,Papír-írószer,4222,True
391,P0391,Élelmiszer,218,True
392,P0392,Papír-írószer,2491,True
393,P0393,Háztartás,13096,True
394,P0394,Elektronika,64566,True
395,P0395,Ruházat,21886,True
396,P0396,Ital,1825,True
397,P0397,Elektronika,39622,True
398,P0398,Háztartás,2335,True
399,P0399,Higiénia,6178,True
400,P0400,Élelmiszer,493,True
